block_id,basin_id,basin_label,model_domain_id,rank_domain,domain_lon,domain_lat,domain_priority,domain_grid_cell_count
ADC_NA_01,BASIN_NA,North American East and West Coasts,GTC_0064,37,-112.828944487217,26.2834192271112,0.389070355609542,84
ADC_NA_01,BASIN_NA,North American East and West Coasts,GTC_0092,80,-111.940641109968,26.8805859312858,0.232651566600573,26
ADC_NA_01,BASIN_NA,North American East and West Coasts,GTC_0034,35,-109.046637593864,25.9807957571256,0.402226127140482,60
ADC_NA_02,BASIN_NA,North American East and West Coasts,GTC_0038,17,-105.580164981291,22.2298999171739,0.496845538371804,28
ADC_NA_02,BASIN_NA,North American East and West Coasts,GTC_0048,61,-104.426968200677,19.141633636921,0.325710021249101,21
ADC_NA_03,BASIN_NA,North American East and West Coasts,GTC_0033,46,-97.5129460788307,26.4519270571773,0.361832545267556,55
ADC_NA_03,BASIN_NA,North American East and West Coasts,GTC_0012,24,-94.1547177763431,29.6934945692587,0.456680994332152,84
ADC_NA_04,BASIN_NA,North American East and West Coasts,GTC_0083,76,-100.119754999112,16.9938512269353,0.252822912162523,32
ADC_NA_04,BASIN_NA,North American East and West Coasts,GTC_0085,82,-95.2166935925107,16.1447190044719,0.222710183902864,30
ADC_NA_05,BASIN_NA,North American East and West Coasts,GTC_0054,48,-96.8315134813567,20.3877306506603,0.360702942846509,77
ADC_NA_06,BASIN_NA,North American East and West Coasts,GTC_0051,66,-85.1806556368242,15.6032803542476,0.288208929225706,39
ADC_NA_06,BASIN_NA,North American East and West Coasts,GTC_0028,45,-83.661420121303,13.222036483232,0.364452402544328,64
ADC_NA_07,BASIN_NA,North American East and West Coasts,GTC_0088,93,-85.4588276811173,10.5352375697951,0.144382616299172,16
ADC_NA_08,BASIN_NA,North American East and West Coasts,GTC_0039,38,-90.5949693037017,19.8566122210754,0.38655270957358,46
ADC_NA_08,BASIN_NA,North American East and West Coasts,GTC_0025,36,-87.8678931796509,21.2179052119023,0.397103734054247,45
ADC_NA_08,BASIN_NA,North American East and West Coasts,GTC_0013,34,-87.872852991496,19.1405609715041,0.409040259185752,38
ADC_NA_08,BASIN_NA,North American East and West Coasts,GTC_0032,54,-88.5742912937178,16.9433045042894,0.340567296966663,45
ADC_NA_09,BASIN_NA,North American East and West Coasts,GTC_0010,18,-89.9400717485337,30.0877322679761,0.488305060598127,171
ADC_NA_10,BASIN_NA,North American East and West Coasts,GTC_0031,40,-82.200020663436,22.3185740827959,0.377949331105369,88
ADC_NA_11,BASIN_NA,North American East and West Coasts,GTC_0050,52,-77.9585499451723,21.556763601469,0.341132830450135,117
ADC_NA_11,BASIN_NA,North American East and West Coasts,GTC_0080,74,-77.9066392455081,24.5245952060216,0.261849363884982,31
ADC_NA_11,BASIN_NA,North American East and West Coasts,GTC_0089,92,-77.4833624470262,18.0769561608737,0.164283476636061,26
ADC_NA_12,BASIN_NA,North American East and West Coasts,GTC_0052,67,-83.2336197128658,29.5333320489412,0.287594175589823,34
ADC_NA_12,BASIN_NA,North American East and West Coasts,GTC_0021,50,-82.1808472619339,26.9094511752052,0.34894287874026,14
ADC_NA_12,BASIN_NA,North American East and West Coasts,GTC_0015,29,-80.8096196542788,26.24556497044,0.426567087192545,65
ADC_NA_12,BASIN_NA,North American East and West Coasts,GTC_0030,44,-80.8364497125842,28.2819324540275,0.37042075864498,27
ADC_NA_12,BASIN_NA,North American East and West Coasts,GTC_0072,79,-81.4840496508263,29.6881242048099,0.237259140046777,18
ADC_NA_12,BASIN_NA,North American East and West Coasts,GTC_0024,27,-80.4149330079341,32.4702934261614,0.439443464466507,86
ADC_NA_13,BASIN_NA,North American East and West Coasts,GTC_0063,70,-72.0855699168282,18.9300175617633,0.2747264746882,71
ADC_NA_13,BASIN_NA,North American East and West Coasts,GTC_0078,89,-69.4926774846814,18.9943160630312,0.191194403567637,36
ADC_NA_13,BASIN_NA,North American East and West Coasts,GTC_0073,77,-66.3322231720705,18.1983610503734,0.247541750300009,22
ADC_NA_14,BASIN_NA,North American East and West Coasts,GTC_0035,31,-76.4402443399697,36.5785582006341,0.41595558999152,163
ADC_NA_14,BASIN_NA,North American East and West Coasts,GTC_0094,96,-73.8717619498374,40.5409414573776,0.0921064039778201,22
ADC_NA_14,BASIN_NA,North American East and West Coasts,GTC_0095,94,-71.408156448197,41.8700019905911,0.112779018485002,55
ADC_NA_15,BASIN_NA,North American East and West Coasts,GTC_0093,91,-66.6963093622566,45.3848721176062,0.179148531736706,40
ADC_NA_15,BASIN_NA,North American East and West Coasts,GTC_0091,88,-65.4204688794843,43.9298843524727,0.193682681486384,35
ADC_NA_15,BASIN_NA,North American East and West Coasts,GTC_0086,78,-63.0734195735233,45.9271971039484,0.240351919740728,139
ADC_NA_16,BASIN_NA,North American East and West Coasts,GTC_0096,86,-54.898599622552,48.3396974715917,0.206772933748768,136
ADC_WNP_01,BASIN_WNP,Western North Pacific and East Asia,GTC_0046,51,108.941514164471,13.6696203106358,0.346679091825958,45
ADC_WNP_01,BASIN_WNP,Western North Pacific and East Asia,GTC_0037,53,107.504326778119,16.5710840031692,0.340743233535124,26
ADC_WNP_01,BASIN_WNP,Western North Pacific and East Asia,GTC_0029,49,105.812440725268,18.5048134636059,0.35132066662319,22
ADC_WNP_01,BASIN_WNP,Western North Pacific and East Asia,GTC_0026,19,106.256653587467,20.6732668030341,0.488213305224572,65
ADC_WNP_02,BASIN_WNP,Western North Pacific and East Asia,GTC_0077,41,119.506225144577,10.8678014258857,0.377351822791041,38
ADC_WNP_03,BASIN_WNP,Western North Pacific and East Asia,GTC_0008,10,122.77869390168,11.235983649187,0.541058027452241,37
ADC_WNP_03,BASIN_WNP,Western North Pacific and East Asia,GTC_0020,16,123.644374734046,10.032058385369,0.510309227659674,70
ADC_WNP_03,BASIN_WNP,Western North Pacific and East Asia,GTC_0006,8,124.527640506308,12.3008765204906,0.566360947389977,68
ADC_WNP_03,BASIN_WNP,Western North Pacific and East Asia,GTC_0023,22,125.605577250889,9.47856348419835,0.469933611305576,59
ADC_WNP_04,BASIN_WNP,Western North Pacific and East Asia,GTC_0005,14,110.024532752565,20.4567032963716,0.522299379829445,91
ADC_WNP_04,BASIN_WNP,Western North Pacific and East Asia,GTC_0009,12,113.086729438082,22.6932204682676,0.532375697501707,80
ADC_WNP_05,BASIN_WNP,Western North Pacific and East Asia,GTC_0004,7,121.370732963539,18.0559088976202,0.57049224033549,42
ADC_WNP_05,BASIN_WNP,Western North Pacific and East Asia,GTC_0001,6,120.466936876314,15.5289322720134,0.573768840469941,25
ADC_WNP_05,BASIN_WNP,Western North Pacific and East Asia,GTC_0002,3,121.8171903748,13.7190392900104,0.601512139197299,110
ADC_WNP_06,BASIN_WNP,Western North Pacific and East Asia,GTC_0014,15,116.557067204273,23.4591095425794,0.512020313973925,52
ADC_WNP_06,BASIN_WNP,Western North Pacific and East Asia,GTC_0007,11,120.345336687455,27.20451245204,0.539292601393554,70
ADC_WNP_06,BASIN_WNP,Western North Pacific and East Asia,GTC_0003,9,120.498489284716,23.6207991297487,0.553224211664856,36
ADC_WNP_07,BASIN_WNP,Western North Pacific and East Asia,GTC_0042,28,120.626410968782,31.3907191993884,0.42743632825163,150
ADC_WNP_08,BASIN_WNP,Western North Pacific and East Asia,GTC_0084,90,125.391650233537,38.8619963653787,0.189980084331809,55
ADC_WNP_08,BASIN_WNP,Western North Pacific and East Asia,GTC_0045,42,127.210949509617,36.1164892164008,0.376229203594143,139
ADC_WNP_09,BASIN_WNP,Western North Pacific and East Asia,GTC_0011,20,130.864416322467,33.0544899830171,0.479970774365743,128
ADC_WNP_10,BASIN_WNP,Western North Pacific and East Asia,GTC_0074,56,140.780838876621,39.4928899663231,0.337736486331139,79
ADC_WNP_10,BASIN_WNP,Western North Pacific and East Asia,GTC_0097,97,142.743912868028,42.3424547546481,0,12
ADC_WNP_11,BASIN_WNP,Western North Pacific and East Asia,GTC_0061,23,135.500681433047,36.1009507122853,0.46372138954288,59
ADC_WNP_11,BASIN_WNP,Western North Pacific and East Asia,GTC_0047,64,139.138265042396,37.9290207736062,0.314955908094089,18
ADC_WNP_12,BASIN_WNP,Western North Pacific and East Asia,GTC_0017,4,135.570600467133,34.6328170754885,0.593956939114336,86
ADC_WNP_12,BASIN_WNP,Western North Pacific and East Asia,GTC_0022,30,140.006373372476,35.7399557488548,0.419396375741797,47
ADC_SIO_01,BASIN_SIO,South Indian Ocean,GTC_0043,62,34.8859348972252,-20.3267912920794,0.322689047187489,44
ADC_SIO_01,BASIN_SIO,South Indian Ocean,GTC_0055,65,36.4912931993482,-18.188984683896,0.312181075704503,35
ADC_SIO_01,BASIN_SIO,South Indian Ocean,GTC_0087,81,39.54894407528,-16.016443662803,0.23257089950581,49
ADC_SIO_02,BASIN_SIO,South Indian Ocean,GTC_0068,87,43.7507665641329,-22.3817903723551,0.202268413303756,40
ADC_SIO_02,BASIN_SIO,South Indian Ocean,GTC_0071,84,44.4465831455299,-19.5030794082917,0.210435478884703,14
ADC_SIO_02,BASIN_SIO,South Indian Ocean,GTC_0070,71,44.3710297440689,-17.0748514189818,0.268104843361609,26
ADC_SIO_03,BASIN_SIO,South Indian Ocean,GTC_0044,47,46.8211277025447,-15.5473535418362,0.361496776019551,55
ADC_SIO_03,BASIN_SIO,South Indian Ocean,GTC_0058,55,49.061680401296,-13.0803649424591,0.340070000328487,32
ADC_SIO_03,BASIN_SIO,South Indian Ocean,GTC_0036,43,49.8748742107473,-15.9106840959372,0.374118710642776,36
ADC_SIO_03,BASIN_SIO,South Indian Ocean,GTC_0060,60,48.4508875722698,-20.7564649721062,0.327362635862459,38
ADC_SIO_03,BASIN_SIO,South Indian Ocean,GTC_0090,95,47.4937795534455,-23.851774649544,0.09850042391886,11
ADC_NIO_01,BASIN_NIO,North Indian Ocean,GTC_0081,69,58.402852186574,20.5501136400928,0.274971255097388,15
ADC_NIO_02,BASIN_NIO,North Indian Ocean,GTC_0076,25,69.8902813327109,24.0285690153574,0.45495326778209,63
ADC_NIO_02,BASIN_NIO,North Indian Ocean,GTC_0079,39,70.6223293879368,22.7276150497368,0.378108816143616,50
ADC_NIO_03,BASIN_NIO,North Indian Ocean,GTC_0065,2,79.8657763932207,10.722736661663,0.618335291607013,58
ADC_NIO_03,BASIN_NIO,North Indian Ocean,GTC_0056,5,80.5627345645349,15.5248835849581,0.579861270305445,35
ADC_NIO_03,BASIN_NIO,North Indian Ocean,GTC_0049,13,82.0383585853929,16.8605749278116,0.523049554784492,35
ADC_NIO_04,BASIN_NIO,North Indian Ocean,GTC_0040,57,86.3729361984377,20.5168514087212,0.331049424990837,44
ADC_NIO_04,BASIN_NIO,North Indian Ocean,GTC_0018,26,89.4784640180809,22.7893535579674,0.454013405203115,136
ADC_NIO_04,BASIN_NIO,North Indian Ocean,GTC_0019,32,93.2177079817575,20.1628653606939,0.415720087606559,100
ADC_NIO_05,BASIN_NIO,North Indian Ocean,GTC_0066,72,95.9164534372114,16.6962638524803,0.264704933222291,83
ADC_AUSSP_01,BASIN_AUSSP,Australia and South Pacific,GTC_0069,21,113.789422371824,-24.4741129978497,0.473738791076719,42
ADC_AUSSP_01,BASIN_AUSSP,Australia and South Pacific,GTC_0027,1,115.56311490434,-21.5860490834581,0.70642745627291,48
ADC_AUSSP_02,BASIN_AUSSP,Australia and South Pacific,GTC_0016,33,120.543410253615,-19.5050461273263,0.415126973420848,48
ADC_AUSSP_02,BASIN_AUSSP,Australia and South Pacific,GTC_0067,85,123.261473989188,-17.2641377762809,0.210087777885863,15
ADC_AUSSP_02,BASIN_AUSSP,Australia and South Pacific,GTC_0075,73,124.663968782588,-15.9667250180001,0.26280714594739,80
ADC_AUSSP_02,BASIN_AUSSP,Australia and South Pacific,GTC_0082,83,128.435049057112,-15.1811405206598,0.212514153361744,29
ADC_AUSSP_03,BASIN_AUSSP,Australia and South Pacific,GTC_0041,58,133.056901527605,-12.2269676846956,0.327868789255286,90
ADC_AUSSP_03,BASIN_AUSSP,Australia and South Pacific,GTC_0057,63,135.847529539359,-13.9769466267395,0.319051379909111,74
ADC_AUSSP_03,BASIN_AUSSP,Australia and South Pacific,GTC_0062,75,137.005310929446,-16.0187948217315,0.25907127011036,22
ADC_AUSSP_04,BASIN_AUSSP,Australia and South Pacific,GTC_0059,59,141.544231988829,-15.2025296312491,0.327571997999101,64
ADC_AUSSP_05,BASIN_AUSSP,Australia and South Pacific,GTC_0053,68,144.226384765034,-14.4788421200995,0.28179133286924,52
