block_id,rank_block,basin_id,basin_label,lon,lat,domain_count,grid_cell_count,lowlying_area_km2,priority_max,tc_landfall_count_max,population_sum_2020,inner_area_km2,outer_area_km2,block_span_km,inner_along_half_km,inner_cross_half_km,outer_along_half_km,outer_cross_half_km,shelf_width_km,outer_buffer_km,shelf_add_area_km2,shelf_add_cell_count,shelf_add_component_count,bay_add_area_km2,bay_add_cell_count,bay_add_core_cell_count,bay_add_component_count,open_ocean_area_risk,auto_alongshore_radius_deg,auto_offshore_deg,auto_inland_deg,auto_bay_close_deg,auto_ellipse_ratio,auto_inner_radius,member_domains
ADC_AUSSP_01,1,BASIN_AUSSP,Australia and South Pacific,114.667196214637,-23.0448522853867,2,90,12478.2280004172,0.70642745627291,14,4890330.02542462,222904.114270924,2970014.95092228,820.732732639102,459.74099516807,224.943286931298,1227.46375350505,916.688516116367,250,430,0,0,0,0,0,0,0,0,11.0264440667001,7,1.5,3,0.746815140975643,4.12990473560969,GTC_0069;GTC_0027
ADC_AUSSP_02,2,BASIN_AUSSP,Australia and South Pacific,123.889074271228,-17.2993782919843,4,172,15467.4753761382,0.415126973420848,15,0,399881.249096254,3300422.64160654,1403.32419150319,745.656918788641,243.650336047289,1449.99546950467,1028.42289159193,250,430,0,0,0,504979.318001545,521,521,2,0,12,7,1.5,3,0.709259382681549,6.69831942857206,GTC_0016;GTC_0067;GTC_0075;GTC_0082
ADC_AUSSP_03,3,BASIN_AUSSP,Australia and South Pacific,134.46503308812,-13.3071167847109,3,186,27111.7125530326,0.327868789255286,7,0,380170.11546113,4017164.74219146,953.712078014124,526.14327513735,334.734663036597,1308.08032347385,1388.83314236762,250,430,0,0,0,1699963.42374941,1925,1925,5,0,11.7506317236242,7,1.5,3,1.06173383808673,4.72640383702255,GTC_0041;GTC_0057;GTC_0062
ADC_AUSSP_04,4,BASIN_AUSSP,Australia and South Pacific,141.544231988829,-15.2025296312491,1,64,16711.575873418,0.327571997999101,7,0,168358.959707568,2554341.96511497,747.602325487733,421.718360506118,129.677886185957,994.060787571146,881.259494937912,250,430,0,0,0,228125.988120269,283,283,1,0,8.92975914095532,7,1.5,3,0.886524753774013,3.78834315941536,GTC_0059
ADC_AUSSP_05,5,BASIN_AUSSP,Australia and South Pacific,144.226384765034,-14.4788421200995,1,52,3673.54209169609,0.28179133286924,6,0,169842.350165882,3633622.12691889,778.959463261941,439.443966350032,157.575979974105,1429.50564953872,1052.3806672565,250,430,0,0,0,958581.921979595,1237,1237,3,0,12,7,1.5,3,0.736185035432416,3.94757425754611,GTC_0053
ADC_NA_01,6,BASIN_NA,North American East and West Coasts,-110.325375781911,26.0938621791965,3,170,15378.1693880123,0.402226127140482,15,0,416271.145781787,1617016.5156562,994.512459162728,532.892839369255,276.277791359141,829.189395572734,595.32029557695,250,430,0,0,0,0,0,0,0,0,7.44870100227034,5.34782874215729,1.5,3,0.7179545454338,4.78703592678095,GTC_0064;GTC_0092;GTC_0034
ADC_NA_02,7,BASIN_NA,North American East and West Coasts,-105.437850433458,21.8487639142664,2,49,5295.76108180113,0.496845538371804,11,2069.64581033273,160149.052769006,1280984.99042442,735.182904308546,417.13189692406,154.114437114301,895.119137245102,492.803677741255,250,430,0,0,0,156176.544986579,252,252,1,0,8.04095523935593,4.42691050791641,1.5,3,0.65,3.74714244452084,GTC_0038;GTC_0048
ADC_NA_03,8,BASIN_NA,North American East and West Coasts,-95.4048711613549,28.486659190908,2,139,37202.157795344,0.456680994332152,15,0,258753.888873577,2570598.3421958,901.750898988544,500.7739627922,240.691216405466,939.065811003271,952.140886299166,250,430,0,0,0,1411226.62351415,2071,2071,3,0,8.43573312076241,7,1.5,3,1.0139234919882,4.49850846920769,GTC_0033;GTC_0012
ADC_NA_04,9,BASIN_NA,North American East and West Coasts,-97.3177855351045,16.5086309827554,2,62,3548.16147976191,0.252822912162523,7,0,219251.701002767,1807900.60462085,1077.19866198402,588.584217259966,161.113715563914,961.929568024241,614.195944847493,250,430,0,0,0,0,0,0,0,0,8.64112080510458,5.51739080890669,1.5,3,0.65,5.28731779787968,GTC_0083;GTC_0085
ADC_NA_05,10,BASIN_NA,North American East and West Coasts,-96.8315134813567,20.3877306506603,1,77,10001.1232280432,0.360702942846509,10,0,202171.566642326,1397883.46345146,804.337616001858,451.407809269361,184.543966777012,747.829914578556,669.425417809185,250,430,0,0,0,517944.420316561,580,580,2,0,6.71783969258494,6.01352333641022,1.5,3,0.895157314195493,4.0550467954488,GTC_0054
ADC_NA_06,11,BASIN_NA,North American East and West Coasts,-84.1727762978848,14.0235545405689,2,103,16375.0539049076,0.364452402544328,8,0,265774.837701545,2876406.67681714,858.911649310399,478.253341470491,308.547675379491,1072.44296953056,856.658079511519,250,430,0,0,0,1862377.19567683,2155,2155,5,0,9.63387504069855,7,1.5,3,0.798791268020994,4.29620321119737,GTC_0051;GTC_0028
ADC_NA_07,12,BASIN_NA,North American East and West Coasts,-85.4588276811173,10.5352375697951,1,16,599.875138836764,0.144382616299172,3,0,67678.0046360306,740870.532998173,293.684840267038,196.677888592442,118.051821611805,512.831478191687,472.259753764305,250,430,0,0,0,400643.243634263,395,395,2,0,4.60682247746755,4.24236214304981,1.5,3,0.92088682900191,1.76677945196229,GTC_0088
ADC_NA_08,13,BASIN_NA,North American East and West Coasts,-88.9556837008837,19.5517474432393,4,174,38999.9961373696,0.409040259185752,11,0,351065.630176362,3503189.12032559,814.65049727812,445.333417918577,346.127202342998,987.128560914344,1182.91655007547,250,430,0,0,0,1821489.48417757,2436,2436,4,0,8.86748617422156,7,1.5,3,1.19834092226019,4.00047985913202,GTC_0039;GTC_0032;GTC_0013;GTC_0025
ADC_NA_09,14,BASIN_NA,North American East and West Coasts,-89.9400717485337,30.0877322679761,1,171,36096.232522144,0.488305060598127,16,0,285484.465574664,2715643.51405631,830.465902541102,462.827945221543,251.027030083505,999.991013891322,926.931013133472,250,430,0,0,0,1416010.27911355,2099,2099,3,0,8.98303102669172,7,1.5,3,0.926939342711143,4.15763515290643,GTC_0010
ADC_NA_10,15,BASIN_NA,North American East and West Coasts,-82.200020663436,22.3185740827959,1,88,12383.7249351356,0.377949331105369,9,0,175527.698126696,2857897.4167946,541.301820312979,318.227351995335,180.119831211316,919.087402839923,1045.14356668471,250,430,0,0,0,943368.115068075,1220,1220,3,0,8.25626484764573,7,1.5,3,1.13715361940037,2.85867186485209,GTC_0031
ADC_NA_11,16,BASIN_NA,North American East and West Coasts,-77.9218455705984,22.1658407573007,3,174,17069.5534575212,0.341132830450135,7,0,407448.442315623,4637482.26711467,979.490461065737,536.641282482824,365.074733311256,1457.08363162823,1093.17543606638,250,430,0,0,0,2341987.98278304,2797,2797,6,0,12,7,1.5,3,0.750248930354674,4.82070861015831,GTC_0089;GTC_0050;GTC_0080
ADC_NA_12,17,BASIN_NA,North American East and West Coasts,-81.0155548314955,28.6871621365304,6,244,67181.5906832819,0.439443464466507,15,0,440154.736758594,3362152.24063075,1232.4043388736,665.494841676955,352.535454663335,1328.76893469599,1015.58223427998,250,430,35537.2634117546,47,1,944359.198133306,767,767,3,0,11.9364798301832,7,1.5,3,0.764303113778269,5.97821453177287,GTC_0021;GTC_0052;GTC_0015;GTC_0030;GTC_0072;GTC_0024
ADC_NA_13,18,BASIN_NA,North American East and West Coasts,-70.2430008103061,18.8242851429394,3,129,5002.02602577917,0.2747264746882,6,0,309653.837967681,4575436.35068082,1004.45077541769,551.832238510415,211.586219020103,1368.35450988478,1147.70708237675,250,430,0,0,0,1613687.92591787,1913,1913,4,0,12,7,1.5,3,0.838749807952464,4.95717066574214,GTC_0063;GTC_0078;GTC_0073
ADC_NA_14,19,BASIN_NA,North American East and West Coasts,-75.9646033632862,37.1409916719683,3,240,32976.5318256726,0.41595558999152,13,0,382520.382137931,1954496.01810954,1320.29884888022,709.930329233129,244.521175218081,1157.36675229914,548.078761230392,250,430,0,0,0,279854.568217669,267,267,1,0,10.3967548715338,4.92345275988494,1.5,3,0.65,6.37738348215171,GTC_0035;GTC_0094;GTC_0095
ADC_NA_15,20,BASIN_NA,North American East and West Coasts,-64.0881626616015,45.5295105919905,3,214,5126.29703968692,0.240351919740728,6,0,293954.536227986,2165388.69794084,763.602067914535,431.377649367164,255.057566114032,1038.79730664487,721.850748704907,250,430,0,0,0,795716.098596385,740,740,3,0,9.33163229109661,6.4844659423725,1.5,3,0.694890855114318,3.8751136306788,GTC_0093;GTC_0091;GTC_0086
ADC_NA_16,21,BASIN_NA,North American East and West Coasts,-54.898599622552,48.3396974715917,1,136,1215.98818579159,0.206772933748768,5,0,214844.409771091,1972248.91544625,537.191200467369,318.588458739073,277.988203252518,822.998339434863,849.579438603502,250,430,0,0,0,193579.195138289,256,256,1,0,7.39308605313388,7,1.5,3,1.0322978770369,2.86191572708474,GTC_0096
ADC_NIO_01,22,BASIN_NIO,North Indian Ocean,58.402852186574,20.5501136400928,1,15,1843.56088316985,0.274971255097388,2,2984.84424204138,57711.193253247,3903185.19247914,229.42833116779,164.60229490345,117.776965714736,1489.01495954272,1256.08692544276,250,430,0,0,0,1493321.15988555,2056,2056,4,0,12,7,1.5,3,0.843569043677376,1.5,GTC_0081
ADC_NIO_02,23,BASIN_NIO,North Indian Ocean,70.0818804718126,23.6880667164184,2,113,31729.1970961618,0.45495326778209,2,312897.827540931,218080.508413824,3089586.62223329,550.435812123225,316.556143860082,266.109667468193,1038.85652399801,1150.15203248461,250,430,0,0,0,943535.463071967,1043,1043,3,0,9.33216424719737,7,1.5,3,1.10713270400255,2.84365921541575,GTC_0076;GTC_0079
ADC_NIO_03,24,BASIN_NIO,North Indian Ocean,80.7068483477283,14.1367134786523,3,128,26172.0581450001,0.618335291607013,7,5875142.09198148,327515.194395063,4328113.75167285,1261.63206757089,673.899476297536,252.964551862851,1489.76939705206,1206.74961827054,250,430,43392.2123733289,44,1,749261.390249297,1012,1012,2,0,12,7,1.5,3,0.81002443778107,6.05371430378671,GTC_0065;GTC_0056;GTC_0049
ADC_NIO_04,25,BASIN_NIO,North Indian Ocean,89.8315293507417,21.9845632828411,3,280,94765.4827984203,0.454013405203115,11,0,484539.354104862,3813873.71983769,1202.97003338075,648.26577245491,440.375597797761,1231.647904833,1200.04593006566,250,430,43171.3362538972,58,1,1119854.95727679,1601,1601,3,0,11.0640307656576,7,1.5,3,0.97434171353409,5.82344387760429,GTC_0040;GTC_0018;GTC_0019
ADC_NIO_05,26,BASIN_NIO,North Indian Ocean,95.9164534372114,16.6962638524803,1,83,33286.802951405,0.264704933222291,3,0,162010.672113826,2397151.5297573,508.045764936389,302.438871324427,185.977004271695,680.714409377895,1268.76985896192,250,430,0,0,0,1085262.01483459,1676,1676,3,0,6.11493360921573,7,1.5,3,1.55,2.71684217862403,GTC_0066
ADC_SIO_01,27,BASIN_SIO,South Indian Ocean,36.5643829176754,-18.4029734262096,3,128,23417.3731850785,0.322689047187489,8,0,333834.971865248,3376514.85945033,1380.53686183933,731.09721066633,256.40446389726,1493.14619791567,773.797219241911,250,430,0,0,0,639765.939667932,533,533,2,0,12,6.95110689221982,1.5,3,0.65,6.56752794346326,GTC_0043;GTC_0055;GTC_0087
ADC_SIO_02,28,BASIN_SIO,South Indian Ocean,44.1539498410321,-19.612667368111,3,80,7231.64615961463,0.268104843361609,7,0,251826.645970152,3868315.72490128,1118.12798478508,608.99676031314,182.869471985557,1352.86265550019,977.73901387914,250,430,0,0,0,601715.17257076,599,599,3,0,12,7,1.5,3,0.722718607024927,5.47068595322619,GTC_0068;GTC_0071;GTC_0070
ADC_SIO_03,29,BASIN_SIO,South Indian Ocean,48.1309549106355,-16.823075838973,5,172,12643.1805583468,0.374118710642776,13,0,454318.102287239,5561390.06375283,1498.85253384958,797.97246839624,342.655075907406,1498.87501079047,1218.61781981475,250,430,0,0,0,1032719.31975788,1103,1103,3,0,12,7,1.5,3,0.813021640258101,7,GTC_0090;GTC_0060;GTC_0044;GTC_0058;GTC_0036
ADC_WNP_01,30,BASIN_WNP,Western North Pacific and East Asia,106.694016829497,19.0033162272334,4,158,24831.9177985079,0.488213305224572,22,0,379067.481769601,5260019.10122287,1325.09408092594,711.380348802511,285.176940725474,1473.05616829186,1388.34812867467,250,430,0,0,0,1673501.33365552,2957,2957,2,0,12,7,1.5,3,0.942495037568449,6.39040916998303,GTC_0046;GTC_0037;GTC_0029;GTC_0026
ADC_WNP_02,31,BASIN_WNP,Western North Pacific and East Asia,119.506225144577,10.8678014258857,1,38,878.870879314124,0.377351822791041,16,0,109374.499288348,4694179.79839445,409.260106103138,254.179414730502,154.96562492433,1254.8413009757,1577.20882293514,250,430,0,0,0,1547389.14785637,2350,2350,5,0,11.2723796350674,7,1.5,3,1.2568990371203,2.28332208705087,GTC_0077
ADC_WNP_03,32,BASIN_WNP,Western North Pacific and East Asia,124.209729810945,10.9090661569485,4,234,8153.58021571549,0.566360947389977,43,0,383116.597811091,5584019.80568031,799.55857000305,449.589990401969,306.992829723835,1677.51579627222,1300.00170125254,250,430,0,0,0,1957171.47220576,2056,2056,6,0,12,7,1.5,3,0.774956458914668,4.03871712542193,GTC_0008;GTC_0020;GTC_0006;GTC_0023
ADC_WNP_04,33,BASIN_WNP,Western North Pacific and East Asia,112.079843966394,21.9577474535245,2,171,17514.1149508666,0.532375697501707,34,0,331247.033310235,4030047.75283557,854.377774858695,475.817901141894,283.783975854496,1199.15119571486,1282.13908016179,250,430,0,0,0,1739274.9903097,2355,2355,4,0,10.772109196145,7,1.5,3,1.06920552199213,4.27432537856534,GTC_0005;GTC_0009
ADC_WNP_05,34,BASIN_WNP,Western North Pacific and East Asia,121.27981234295,15.0995520221551,3,177,9150.31792250453,0.601512139197299,56,0,377661.362707149,6103244.96635409,924.657461034285,511.36202759173,279.663715010757,1663.60904668266,1458.85163618591,250,430,0,0,0,2265425.38244966,3509,3509,5,0,12,7,1.5,3,0.876919754130304,4.59362223851716,GTC_0002;GTC_0001;GTC_0004
ADC_WNP_06,35,BASIN_WNP,Western North Pacific and East Asia,118.930958731054,25.0112056687362,3,158,13519.8204169366,0.553224211664856,48,0,377809.211989222,6627909.53078193,1014.05388395778,556.342357655894,348.009921621967,1776.40670356733,1490.39581176155,250,430,0,0,0,2288904.58945445,2866,2866,6,0,12,7,1.5,3,0.838994701364604,4.99768557003139,GTC_0014;GTC_0003;GTC_0007
ADC_WNP_07,36,BASIN_WNP,Western North Pacific and East Asia,120.626410968782,31.3907191993884,1,150,49561.2869333647,0.42743632825163,12,0,214523.962574223,5653577.62242524,554.41753806136,305.00465495394,250.952868093285,1161.46618363679,1918.75623124123,250,430,0,0,0,2198989.2418456,3002,3002,9,0,10.433580521351,7,1.5,3,1.55,2.73989089969403,GTC_0042
ADC_WNP_08,37,BASIN_WNP,Western North Pacific and East Asia,126.453480045197,37.2596062283664,2,194,10317.1513097006,0.376229203594143,14,0,365266.744410295,4572351.95658521,858.369450523859,475.721226869493,293.958551518446,1060.52099137814,1555.97803562194,250,430,0,0,0,1090295.08674461,1348,1348,3,0,9.52677857867535,7,1.5,3,1.46718268499331,4.27345694277302,GTC_0045;GTC_0084
ADC_WNP_09,38,BASIN_WNP,Western North Pacific and East Asia,130.864416322467,33.0544899830171,1,128,3856.55136428382,0.479970774365743,31,0,232343.60470294,5211092.39106317,573.925836892581,321.294550687581,247.145295854847,1651.77548291744,1375.03558847518,250,430,0,0,0,1924580.11439895,3500,3500,5,0,12,7,1.5,3,0.83245913424416,2.88622485346372,GTC_0011
ADC_WNP_10,39,BASIN_WNP,Western North Pacific and East Asia,140.852075642135,39.5963141267143,2,91,2874.00179732877,0.337736486331139,13,0,230928.862687358,3882172.67549442,708.350979932233,401.149824031197,244.577704044788,1127.5504887164,1191.2972576298,250,430,35351.4715559383,54,1,981001.00876631,1867,1867,4,0,10.1289120438052,7,1.5,3,1.05653562261853,3.60357369772905,GTC_0074;GTC_0097
ADC_WNP_11,40,BASIN_WNP,Western North Pacific and East Asia,137.200503291127,36.9552173150841,2,77,3340.29527305074,0.46372138954288,18,118.415806472301,199189.102647151,5063187.76674652,891.944653592209,495.797115773093,159.441609065189,1478.95400512232,1166.99352592994,250,430,53838.5346796292,74,1,1566349.42757929,2586,2586,5,0,12,7,1.5,3,0.789066814713703,4.45380089627284,GTC_0061;GTC_0047
ADC_WNP_12,41,BASIN_WNP,Western North Pacific and East Asia,137.548133052876,35.1264253407577,2,133,8686.56844740767,0.593956939114336,27,781.978033468127,253530.191241225,5467209.43629264,863.826930389728,481.261109227483,191.033543280593,1506.74916714207,1212.0754373493,250,430,0,0,0,2071446.9306202,3207,3207,5,0,12,7,1.5,3,0.804430799618961,4.32322232507621,GTC_0017;GTC_0022
